tweet_id,split,condition,tweeter_handle,mentioned_handle,tweet_text,predicted_igr,gold_igr,predicted_emotions,gold_emotions,model_reasoning
344194657753890817,test,few-shot,repkevinbrady,gopleader,http://t.co/6z5xYFT6oE launched by @GOPLeader includes every bill introduced in the House.  Choose what bills you’d cosponsor.,Unknown,In-Group,None,Interest,API failure
650770630657343489,test,few-shot,repmckinley,peterwelch,Mining coal is hard work. Thanks to our miners who keep the lights on. w/ @PeterWelch #bipartisanroadtrip  http://t.co/BuO4RXMybu,Unknown,Out-Group,None,Interest,API failure
651165949916155905,test,few-shot,senatordurbin,chuckgrassley,"As #SCOTUS opens its doors for a new term, time for Congress to pass @ChuckGrassley's&amp;my #CamerasInTheCourt bill:  http://t.co/3dMRmQWzcD",Unknown,Out-Group,None,None,API failure
745741976864055297,test,few-shot,repdankildee,speakerryan,".@SpeakerRyan calls #NoBillNoBreak sit-in a ""publicity stunt."" Tens of thousands of gun violence victims &amp; families disagree. #NoMoreSilence",Unknown,Out-Group,None,Anger|Disgust,API failure
339411299849076736,test,few-shot,cbrangel,congressmangt,Act would expand care options for #vets - joint bipartisan oped w/ @CongressmanGT Thompson  http://t.co/TIcyBpmpAt,Unknown,Out-Group,None,Interest,API failure
793202599432450050,test,few-shot,frankpallone,repdonaldpayne,Toured Port of NY &amp; NJ w/ @RepDonaldPayne &amp; discussed importance of env justice-we need to ensure all communities have access to clean air.  https://t.co/D8YNkpTKaw,Unknown,In-Group,None,None,API failure
864828158599680000,test,few-shot,repdianeblack,senthomtillis,Please join me in prayer for my friend @SenThomTillis this morning.  https://t.co/Sckqhvobcd,Unknown,In-Group,None,Sadness,API failure
1214221704580481024,test,few-shot,greschenthaler,repbrianfitz,"Deeply saddened to hear of the passing of former Congressman Mike Fitzpatrick, who tirelessly served Bucks County and the Commonwealth. My prayers are with his brother, @RepBrianFitz, and the entire Fitzpatrick family during this difficult time.",Unknown,In-Group,None,Sadness,API failure
864572413219962880,test,few-shot,repdankildee,repdwightevans,Happy birthday to my colleague @RepDwightEvans!,Unknown,In-Group,None,Joy,API failure
1219017827555971076,test,few-shot,repderekkilmer,rephoulahan,"Quick Questions about Congress w/ Kilmer: a podcast to build understanding, forge relationships, and tackle critical issues. Episode 23 Guest: @RepHoulahan - Air Force veteran, engineer, entrepreneur, educator, and the first woman ever to represent PA-06.  https://t.co/ckqDeZCrch",Unknown,In-Group,None,Admiration|Interest,API failure
743855116583866369,test,few-shot,chrismurphyct,sensherrodbrown,Thanks for the Q @SenSherrodBrown! Think of this - 48 were shot DURING the filibuster. Awful. #AskMurphy  https://t.co/k4GvDRRTMG,Unknown,In-Group,None,Joy,API failure
1292171049539383298,test,few-shot,senronjohnson,senblumenthal,1/7 @SenBlumenthal’s twisting of classified briefings and repeating of false news reports is beyond the pale.,Unknown,Out-Group,None,Anger|Disgust,API failure
697509790256340995,test,few-shot,repdankildee,repfredupton,JUST IN: House passes my bipartisan bill with @RepFredUpton related to #FlintWaterCrisis. 416-2 vote.  Read more:  https://t.co/eohiXni4m2,Unknown,Out-Group,None,Interest,API failure
786325578362290176,test,few-shot,repricklarsen,pattymurray,Thanks to Larsen &amp; @PattyMurray “thousands of young veteran families [to have] fresh hope at starting a family” via  https://t.co/Pa6PNF6kCn,Unknown,In-Group,None,Joy,API failure
745293732350730244,test,few-shot,repjoecourtney,speakerryan,How many mass shootings must this nation endure before @SpeakerRyan and the congressional #GOP will even consider voting to #EndGunViolence?,Unknown,Out-Group,None,Anger|Disgust,API failure
1222663873209294850,test,few-shot,repdavejoyce,gopleader,Winnie had a doggone good talk with @GOPLeader tonight  https://t.co/lu5PR0dn7E,Unknown,In-Group,None,Interest,API failure
390173884013498368,test,few-shot,reppaultonko,speakerboehner,.@SpeakerBoehner could end this shutdown today with bipartisan support:  https://t.co/bULtaJOm2K,Unknown,Out-Group,None,Anger,API failure
390514193310289920,test,few-shot,marshablackburn,desjarlaistn04,"Thanks to @DesJarlaisTN04 for helping to rid the government of waste, fraud, and abuse.",Unknown,In-Group,None,Admiration,API failure
1373674532549066756,test,few-shot,rephorsford,ronwyden,"Throughout this pandemic, my office has heard from countless #NV04 constituents about their struggles to get unemployment benefits.  I'm working with @RonWyden to bring our unemployment systems into the 21st century. Learn more ⬇️   https://t.co/8VYNMzc284",Unknown,In-Group,None,Interest,API failure
858289772065726464,test,few-shot,senatorsinema,repmobrooks,Happy birthday @RepMoBrooks!,Unknown,Out-Group,None,Joy,API failure
745702311872307200,test,few-shot,repbonamici,senatorbaldwin,So great to see @SenatorBaldwin join us on the floor. #NoBillNoBreak #sitin,Unknown,In-Group,None,Joy,API failure
1311809228697460738,test,few-shot,repmeuser,repdavidtrone,"Tonight, the House passed the Family Support Services for Addiction Act, bipartisan legislation I introduced with @RepDavidTrone. This legislation would provide federal aid to national and local nonprofit organizations that serve families impacted by addiction.  https://t.co/km9Gfrfly8",Unknown,Out-Group,None,None,API failure
302893110659260420,test,few-shot,frankpallone,speakerboehner,#GOP left town again w no deal to stop economy killing cuts #NoDealNoBreak. Time to get back to work @SpeakerBoehner,Unknown,Out-Group,None,Anger,API failure
787384658191196160,test,few-shot,robert_aderholt,repandyharrismd,A solid conservative with a depth of understanding of complex issues. Proud to have him on Ag Appropriations subcommittee @RepAndyHarrisMD  https://t.co/Ct1FNqYQZh,Unknown,In-Group,None,Admiration,API failure
745678516860026880,test,few-shot,senatorbaldwin,repjohnlewis,I support @repjohnlewis and all my #GoodTrouble friends in the House. The time is now. #NoBillNoBreak,Unknown,In-Group,None,Joy,API failure
1311059791192743938,test,few-shot,senatorbaldwin,senatordurbin,Today I joined @SenatorDurbin to provide tax relief to Wisconsin workers and families that will help them get through these tough times. We need to act now to help unemployed workers get through this crisis.  https://t.co/E5FLY00TsH,Unknown,In-Group,None,Interest,API failure
1227746833038004224,test,few-shot,repbrianfitz,chriscoons,Thank you @ChrisCoons for working with me to promote bipartisan solutions to combat climate change and improve our infrastructure.,Unknown,Out-Group,None,Admiration|Joy,API failure
725400576314449921,test,few-shot,repswalwell,speakerryan,"Gutting Social Security isn't on the table, @SpeakerRyan, and it never will be. #RyanAtGU",Unknown,Out-Group,None,Disgust,API failure
337293856649404417,test,few-shot,senjohnmccain,grahamblog,Will be discussing #Iran sanctions w/ @GrahamBlog on floor in a few minutes  http://t.co/SEuovsKTKP,Unknown,In-Group,None,Interest,API failure
1222946342345039872,test,few-shot,repmaloney,repbarbaralee,"We must pass @RepBarbaraLee's amendment to repeal the #AUMF against Iraq. The amendment exercises our constitutional authority, reflects the will of the American people, &amp; is the first step to ending our endless wars. My full statement:  https://t.co/cl6A9xoQyN",Unknown,In-Group,None,Interest,API failure
395576532820692992,test,few-shot,senatorkirk,senatordurbin,My bill with @SenatorDurbin to encourage states to put epinephrine pens in schools passed committee unanimously. This bill will save lives.,Unknown,Out-Group,None,None,API failure
337281260290469888,test,few-shot,speakerboehner,reptommarino,#4jobs RT @RepTomMarino: 2/3 of Americans support construction of the #KeystoneXL pipeline. It's #TimetoBuild  http://t.co/AJguyv0LtJ,Unknown,In-Group,None,Interest,API failure
1223316314514694144,test,few-shot,repmarkgreen,speakerpelosi,".@SpeakerPelosi has said outright, “We cannot accept a second term for Donald Trump if we are going to be faithful to our democracy and to the Constitution of the United States.” Ironically, her impeachment on party lines does exactly that: it’s unfaithful to our Constitution.",Unknown,Out-Group,None,Anger|Disgust,API failure
1278390663797551104,test,few-shot,repdavidrouzer,speakerpelosi,"The Dem ""highway bill"" is nothing more than a messaging bill, crafted by @SpeakerPelosi to appease the hard-core Left.  It will go no further than the House, and it will not do a single thing to help modernize our infrastructure or make our roads and highways safer.",Unknown,Out-Group,None,Anger|Disgust,API failure
343089895797030912,test,few-shot,repdonyoung,john_dingell,Congrats to @john_dingell on his milestone today! We can all learn from him that compromise is an honorable word  http://t.co/yAkCjnRXhI,Unknown,Out-Group,None,Admiration|Joy,API failure
738467999036772353,test,few-shot,repspeier,speakerryan,".@SpeakerRyan instead of Obamacare, “restoring” our Constitution, let’s focus on the real issues facing Americans #DoYourJob",Unknown,Out-Group,None,Anger|Disgust,API failure
412607674635669504,test,few-shot,roslehtinen,bradsherman,Introduced w @BradSherman bipartisan bill 2 strengthen Cong oversight over nuclear deals + protect from proliferation  http://t.co/SiuIt89PuJ,Unknown,Out-Group,None,None,API failure
645281076911312896,test,few-shot,senatorsinema,senatortimscott,"Happy birthday, @SenatorTimScott!",Unknown,Out-Group,None,Joy,API failure
1304066293235093507,test,few-shot,normajtorres,repjerrynadler,Our federal #Marijuana laws have achieved nothing for the American people besides generations of incarcerated black &amp; brown kids. It’s time to admit that ugly truth and right this wrong. I support @RepJerryNadler's #MOREAct  https://t.co/BrX8w9nMrT,Unknown,In-Group,None,None,API failure
341562538191896576,test,few-shot,sendeanheller,franklautenberg,Saddened 2 hear we lost a great man &amp; our last WWII vet in the Senate.Thoughts &amp; prayers are w/ the family &amp; friends of Sen @FrankLautenberg,Unknown,Out-Group,None,Admiration|Sadness,API failure
420641678052315136,test,few-shot,repmaloney,repjerrynadler,Joining @OFA_NY @RepJerryNadler 2 demand that Congress not leave 1.3M Americans #OutInTheCold #RenewUI  http://t.co/Q7dHEOzIpt,Unknown,In-Group,None,Interest,API failure
1196523614406955008,test,few-shot,repbrownley,repmikelevin,"Proud to join @RepMikeLevin in introducing the State Authorization Improvement Act, to make sure that we protect our students &amp; veteran students from undue burden when they face the disruption of their school closing. I look forward to working with him to move this bill forward.",Unknown,In-Group,None,Joy,API failure
1306951233383673857,test,few-shot,repkclark,repdavidtrone,.@RepDavidTrone and his family know the challenge of helping a loved one with substance use disorder. It's critical that we extend access to treatment options with telehealth and #endthestigma around accessing mental health and addiction services. #RecoveryMonth  https://t.co/Gvwj4MTJRn,Unknown,In-Group,None,Interest,API failure
696719609194549248,test,few-shot,repjeffries,repgracemeng,"Today we celebrate the #LunarNewYear, with public schools off for the first time. Thanks @RepGraceMeng #YearoftheMonkey",Unknown,In-Group,None,Joy,API failure
1303833743002603520,test,few-shot,senatormenendez,senjackreed,Too many of my Republican colleagues have stood silent instead of forcefully and unequivocally condemning the President’s words. That’s why I’m supporting @SenatorDuckworth &amp; @SenJackReed’s resolution to condemn Trump’s disparaging comments.,Unknown,In-Group,None,Admiration,API failure
803609109954232320,test,few-shot,repsanfordsc,reptomprice,"A quick note of congratulations to my colleague, Budget Committee Chairman @RepTomPrice, for his nomination as Secretary of HHS!",Unknown,In-Group,None,Joy,API failure
1394457714722590722,test,few-shot,repashleyhinson,senjoniernst,The care VA employees provide for our veterans is critical. But they can’t provide the best care—the care our veterans deserve—if they are suffering in a hostile work environment. I teamed up with @SenJoniErnst to take on sexual harassment at the VA. #IA01 Watch:  https://t.co/L1NRru6F2Q,Unknown,In-Group,None,None,API failure
1194744500951928835,test,few-shot,senatorshaheen,chuckgrassley,I’m going to the Senate floor with @ChuckGrassley to urge our colleagues to support our bipartisan bill that would help deliver rights to survivors of sexual assault in every state. Watch live here:  https://t.co/NXmhms6mvk,Unknown,Out-Group,None,Interest,API failure
1395440609666732037,test,few-shot,gopleader,repwalberg,"Between remote learning and working from home, the lack of access to reliable broadband around the country has only become more apparent during the Covid-19 pandemic.  @RepWalberg shares how the digital divide affects all Americans.  https://t.co/H3rHy0uDpm",Unknown,In-Group,None,Interest,API failure
1396137328201146371,test,few-shot,rephagedorn,speakerpelosi,"For months, @SpeakerPelosi militarized the Capitol Hill campus and turned it into a compound. It still remains on lockdown and a barrier to the American people. Now, the Democrats are pushing this completely wasteful bill of nearly $2 billion.",Unknown,Out-Group,None,Anger|Disgust,API failure
1397242225688518661,test,few-shot,repschneider,gopleader,"I am drafting a resolution to censure Rep. Marjorie Taylor Greene. I hope that if @GOPLeader  truly believes that what Rep. Greene said was ‘appalling,’ he will join our effort to censure her.",Unknown,Out-Group,None,None,API failure
422432726046629888,test,few-shot,repswalwell,reppittenger,"We are on the board, @RepPittenger! #QuestForSix",Unknown,Out-Group,None,Interest|Joy,API failure
733706964899909632,test,few-shot,repkclark,repwilson,.@RepWilson thank you for your leadership &amp; advocacy! Every student deserves a fair shot.  https://t.co/Kek5EKiaPO  https://t.co/P0cV98XInB,Unknown,In-Group,None,Admiration|Joy,API failure
1398263081160085506,test,few-shot,repbrianfitz,repconorlamb,Our new bipartisan legislation will strip China of their sovereign immunity as Saudi Arabia was post 9/11. US citizens deserve access to sue the Chinese Communist Party for financial damages incurred as a result of COVID. Thanks @RepConorLamb for joining me in this mission.(2/2),Unknown,Out-Group,None,Admiration,API failure
801788967234506752,test,few-shot,senatortimscott,tgowdysc,"7. My friend @tgowdysc, who is not only a good friend, but also makes me #Thankful I don’t have to get my haircut.",Unknown,In-Group,None,Joy,API failure
1194990107318726663,test,few-shot,repmattgaetz,repadamschiff,.@RepAdamSchiff's dirty tricks can't change the facts.    https://t.co/ZvNc2Nhljc,Unknown,Out-Group,None,Anger|Disgust,API failure
1299349027943624705,test,few-shot,repjoeneguse,repdeanphillips,Count me in @RepDeanPhillips!,Unknown,In-Group,None,Joy,API failure
647469180053274624,test,few-shot,repdonbeyer,repbradashford,Thanks for your support to #PayOurFeds @RepBradAshford!   https://t.co/zkANKuZnBY,Unknown,In-Group,None,Joy,API failure
343042397443330048,test,few-shot,repmiketurner,speakerboehner,"Thank you, @SpeakerBoehner! #DelphiSalariedRetirees deserve answers. We’re not giving up!",Unknown,In-Group,None,Joy,API failure
725742290216607744,test,few-shot,stevescalise,repfrenchhill,.@RepFrenchHill is leading a bipartisan effort to increase your ability to access investment information.  https://t.co/Bu9jDCMkYt,Unknown,In-Group,None,Interest,API failure
1384957845792231429,test,few-shot,repcawthorn,repmaxinewaters,The Democrat’s double standard is unbearable.   @RepMaxineWaters incited violence on video and Democrats turned a blind eye.   Absolutely appalling.,Unknown,Out-Group,None,Disgust,API failure
743303700723052544,test,few-shot,senatordurbin,chrismurphyct,.@ChrisMurphyCT's #filibuster continues. We want action on gun violence now. Watch LIVE:  https://t.co/6QQhcjkD5i #Enough,Unknown,In-Group,None,Anger|Disgust,API failure
856900642270584832,test,few-shot,repraskin,repcummings,"As Chaffetz &amp; @RepCummings say, no evidence #Flynn got permission to collect income from Russian or Turkish governments. That's illegal.  https://t.co/r0sBh04eGl",Unknown,In-Group,None,Interest,API failure
401405815057158144,test,few-shot,senatorenzi,senatorwicker,"I'm a cosponsor of @SenatorWicker's S. 1632, which would give states more 10th Amend. standing to challenge federal rules.",Unknown,In-Group,None,None,API failure
864897454453477376,test,few-shot,senmarkey,maziehirono,@maziehirono Sending my best wishes for a quick and healthy recovery to @maziehirono &amp; her family during this time.,Unknown,In-Group,None,Sadness,API failure
1300982033477439489,test,few-shot,reproybalallard,leaderhoyer,"See my winning graphic on universal maskwearing, which received top prize in @LeaderHoyer's 2020 Member Online All-Star Competition! If you’re out in public, WEAR A MASK and help us stop the continued massive toll of COVID cases.  https://t.co/cvsC3QMc5a",Unknown,In-Group,None,None,API failure
343085798092046337,test,few-shot,reptierney,john_dingell,"Congratulations to my colleague @john_dingell who – at 20,977 days – has become the longest serving Member of Congress.",Unknown,In-Group,None,Admiration|Joy,API failure
743204455210950656,test,few-shot,repscottpeters,chrismurphyct,.@ChrisMurphyCT is calling for universal background checks &amp; denying suspected terrorists from purchasing firearms.  https://t.co/LjOYddye3e,Unknown,In-Group,None,Interest,API failure
410457457773654016,test,few-shot,senjeffmerkley,sencarllevin,My statement w/ @SenCarlLevin on the final Volcker Rule.  http://t.co/uwcFw9Mula,Unknown,In-Group,None,Interest,API failure
804397631480954880,test,few-shot,gerryconnolly,repmarkmeadows,Great work by my colleague @RepMarkMeadows. This bill provides a level playing field &amp; ensures taxpayers are getting the best possible value  https://t.co/y99daWq5oJ,Unknown,Out-Group,None,None,API failure
402830173063491584,test,few-shot,sendeanheller,sengillibrand,Protecting sexual assault victims should be a top priority. I will support Senator @SenGillibrand's #MJIA legislation. #passMJIA,Unknown,Out-Group,None,Interest,API failure
867126960450830336,test,few-shot,reprutherfordfl,drnealdunnfl2,"Proud to co-sponsor the VICTOR Act with @DrNealDunnFL2, which will help us save veterans' lives.  https://t.co/vnbvjl0A5F",Unknown,In-Group,None,Joy,API failure
299532510688313344,test,few-shot,reptomprice,drphilroe,Great op-ed in 'The Hill' by my good friend @DrPhilRoe in support of #RequireAPlan!  http://t.co/I5GBXcPj #tcot,Unknown,In-Group,None,Joy,API failure
402889093949829120,test,few-shot,repscottpeters,jahimes,Amen. 40% of fortune 500 by immig &amp; 2nd gen. RT @jahimes: Comprehensive Immigration Reform would really help startups too. #EntrepreneursDay,Unknown,In-Group,None,None,API failure
649270562863345664,test,few-shot,reploisfrankel,roslehtinen,Thanks to my good friend @RosLehtinen for speaking to #2015WashingtonSummit &amp; your great bipartisan work for FL!  http://t.co/g16egARhxq,Unknown,Out-Group,None,Admiration|Joy,API failure
1388215346906079233,test,few-shot,ronwyden,senwarren,Here’s more about my child care/early learning legislation in the Senate with @SenWarren:  https://t.co/vdhLLw7n5Q,Unknown,In-Group,None,Interest,API failure
647518938851577856,test,few-shot,repcummings,speakerboehner,"Although we've often disagreed, I have never doubted @SpeakerBoehner's commitment to making the House work on behalf of all Americans.",Unknown,Out-Group,None,Admiration,API failure
1202726142131810304,test,few-shot,repjoecourtney,jahimes,"Congratulations to my friend @jahimes for his work to curb insider trading. I was proud to vote for his #bipartisan bill, which passed the House with overwhelming support from both sides of the aisle. Another example that the House is getting work done for the American people.",Unknown,In-Group,None,Admiration,API failure
872182480023040001,test,few-shot,repjeffries,speakerryan,Still waiting for @SpeakerRyan to put country over party and support #IndependentCommission  https://t.co/4PXxNI2Pn8,Unknown,Out-Group,None,Anger|Disgust,API failure
1207679673385271297,test,few-shot,repespaillat,repdebdingell,"I stand with @RepDebDingell in support of our efforts to uphold Democracy and fight for families, and we honor the legacy of #JohnDingell and his service to our country.   There is no limit to how low Donald Trump will go when he's confronted by justice. #ImpeachedPresident",Unknown,In-Group,None,Joy,API failure
1369369629840248834,test,few-shot,repbillfoster,repbrianfitz,Student debt is a serious economic burden for too many Americans and is keeping talented professionals from pursuing careers in public service.   That’s why @RepBrianFitz and I introduced the Public Service Loan Forgiveness Inclusion Act of 2021.    https://t.co/9VCsirWWBx,Unknown,Out-Group,None,Interest,API failure
849671094634262529,test,few-shot,repgracemeng,repstephmurphy,Stephen Bannon has been removed from NSC! Congrats to @RepStephMurphy for spearheading efforts to see him removed.  https://t.co/0flI1zD3uT,Unknown,In-Group,None,Admiration|Joy,API failure
386247371895476224,test,few-shot,repfinchertn08,senatorreid,.@SenatorReid called House efforts to pay those in uniform “pointless”  http://t.co/i4BLFhPfA4 #HeartlessHarry #PJNET,Unknown,Out-Group,None,Anger|Disgust,API failure
760902333672808448,test,few-shot,warrendavidson,senronjohnson,I agree with @SenRonJohnson. Elected officials need to focus on real issues that threaten us like economy and ISIS.  https://t.co/nIhobt0Ogb,Unknown,In-Group,None,Interest,API failure
1261473177831686151,test,few-shot,rephagedorn,speakerpelosi,"I voted against @SpeakerPelosi’s partisan wish list. This bill was an unserious messaging ploy that focuses more on nationalizing our elections than it does to providing needed relief to our farmers, rural hospitals and small businesses. Read more:   https://t.co/pLLXDoL9mu",Unknown,Out-Group,None,Anger|Disgust,API failure
773293068028145664,test,few-shot,senthomtillis,senatorreid,More political games from @SenatorReid​ tonight as he blocked funding for our #military. #FundOurTroops  https://t.co/2mordGLTsI,Unknown,Out-Group,None,Anger|Disgust,API failure
836363573093859328,test,few-shot,repraskin,repstephmurphy,Proud cosponsor of @RepStephMurphy's bill #HR804 to stop POTUS from putting political operatives (like Bannon) on the #NSC. #NatSec  https://t.co/DJSZts2cYA,Unknown,In-Group,None,Joy,API failure
1261060979342835714,test,few-shot,repchiproy,speakerpelosi,We know @SpeakerPelosi’s $3 trillion #HEROESAct won’t pass. Why is she wasting time w/ political games while Americans are hurting? I have a bipartisan bill to provide essential capital to millions of small businesses. Enough politics. Let’s work together to deliver for America.  https://t.co/txpxN7zxfH,Unknown,Out-Group,None,Anger|Disgust,API failure
1261005836295581696,test,few-shot,senatorshaheen,senkevincramer,"Today @SenKevinCramer and I called for immediate passage of legislation to add the 74 sailors lost aboard the USS Frank E. Evans to the Vietnam Memorial. As we approach Memorial Day, honoring the sacrifice of these sailors is overdue.  https://t.co/ncNDpw3koQ",Unknown,Out-Group,None,Admiration,API failure
683775342960455681,test,few-shot,repdandonovan,reppeteking,"Well said, @RepPeteKing   https://t.co/unrkFNWdvB",Unknown,In-Group,None,Joy,API failure
1284117925704667138,test,few-shot,chriscoons,senatorwicker,Millions of Americans have had their driver’s license suspended because they cannot pay fines – not for safety concerns. That’s unacceptable.   That’s why @SenatorWicker and I introduced the Driving for Opportunity Act to create incentives to end debt-based license suspensions.,Unknown,Out-Group,None,Interest,API failure
1260620506467758086,test,few-shot,repjuanvargas,repraulgrijalva,"Essential workers have been undervalued for far too long, yet we’ve asked them to do so much.   I’m proud to have joined @RepRaulGrijalva’s effort to secure hazard pay and workplace protections for essential workers and support its inclusion in the #HeroesAct.",Unknown,In-Group,None,Joy,API failure
819891761157906432,test,few-shot,senatorsinema,repthomasmassie,Happy birthday @RepThomasMassie!,Unknown,Out-Group,None,Joy,API failure
330070900986765313,test,few-shot,desjarlaistn04,senatorreid,"We aren't spending ENOUGH money on #Obamacare, @SenatorReid? What about the $8M spent on PR gurus to promote #ACA? #TN04 #tcot",Unknown,Out-Group,None,Disgust,API failure
332160488676929537,test,few-shot,askgeorge,speakerboehner,.@SpeakerBoehner says US should #PayChinaFirst? #Dems can think of better options like supporting small businesses  http://t.co/a9qWTqtTOu,Unknown,Out-Group,None,Anger|Disgust,API failure
755946498815168512,test,few-shot,repcuellar,repmarktakai,My heart &amp; prayers go out 2 the family of my colleague @RepMarkTakai who passed away today. Mark selflessly served Hawai’i &amp; USA #MahaloMark,Unknown,In-Group,None,Sadness,API failure
1260352892906717191,test,few-shot,senatorbraun,lindseygrahamsc,"China’s failure to operate on-the-level regarding COVID-19 has caused untold global devastation, and they must be held accountable. If China won’t cooperate with the reasonable measures in ⁦@LindseyGrahamSC⁩’s bill then they should face consequences.  https://t.co/W1l9OnBcSL",Unknown,In-Group,None,Interest,API failure
755855469801988096,test,few-shot,repdesaulnier,repmarktakai,Deeply saddened to learn of the passing of @RepMarkTakai. He was a good man &amp; wonderful colleague. He will be missed  https://t.co/7zVvM2e7pp,Unknown,In-Group,None,Admiration|Sadness,API failure
776096283224408097,test,few-shot,reppeteaguilar,speakerryan,Thousands were lost to #gunviolence during the August recess. @SpeakerRyan – we cannot wait any longer #GunVote #DoYourJob,Unknown,Out-Group,None,Anger|Disgust,API failure
1355233210356137986,test,few-shot,repsteel,repjeffduncan,👏We need answers on these anti-competitive market practices that hurt people to benefit hedge funds. Proud to sign my name &amp; join you @RepJeffDuncan.,Unknown,In-Group,None,Joy,API failure
718169807678488576,test,few-shot,repdonbeyer,repbonamici,I led a letter with @RepBonamici seeking increased funds for the Integrated Ocean Acidification research program to help tackle this problem,Unknown,In-Group,None,None,API failure
678249095564234752,test,few-shot,repalexmooney,repsamgraves,Blue and Gold are going to look good on you @RepSamGraves  #GoRams  https://t.co/vnK3uKMPAc…,Unknown,In-Group,None,Joy,API failure
839188333842612224,test,few-shot,repteddeutch,speakerryan,.@SpeakerRyan will any House committees be holding hearings on lottery winners enrolled in Medicaid before we vote?   https://t.co/xeuMU37s6W,Unknown,Out-Group,None,Interest,API failure
707569122100584448,test,few-shot,chuckgrassley,senjoniernst,morganmelon is an intern for @senjoniernst She is from Pleasant Valley  https://t.co/0GoK3JOn2V,Unknown,In-Group,None,None,API failure
707295015605678080,test,few-shot,repstefanik,greggharper,I'm proud to support  @GreggHarper's bill to help those who care for our most vulnerable populations. #NY21  https://t.co/s1ZyPxv0Jb,Unknown,In-Group,None,Joy,API failure
1262454250040410112,test,few-shot,repfredkeller,congressmanhice,"Glad to join in this effort led by @CongressmanHice!   The rights of the minority party must be protected, but Speaker Pelosi is continuing to use this pandemic as pretense for consolidating her power and shutting out opposing views.   The American people deserve better!",Unknown,In-Group,None,Joy,API failure
367370891044589568,test,few-shot,repfinchertn08,senatorreid,.@SenatorReid Obamacare endgame = single-payer healthcare. Single-payer defined:  http://t.co/uCQZWxoNc4 #pjnet #tcot,Unknown,Out-Group,None,Interest,API failure
355387239825547264,test,few-shot,rosadelauro,repkaygranger,Joined @RepKayGranger and 80 other reps demanding answers on DOD contract with Russian arms dealer  http://t.co/Ui4z3czz4h,Unknown,Out-Group,None,Interest,API failure
1278696191061082112,test,few-shot,reprickcrawford,speakerpelosi,".@SpeakerPelosi called a former Ku Klux Klan member “her friend, great person, and a great American Patriot”. Has any member of the press asked her about this in the same way they do the President? Of course not. When one of their own does it, no issue, nothing to see...",Unknown,Out-Group,None,Anger|Disgust,API failure
357318818168700928,test,few-shot,mikecrapo,senjohnsonsd,ICYMI: @SenJohnsonSD and I unveiled our bipartisan #FHA Solvency Act. #idpol #banking  http://t.co/QiAwiGGwnv,Unknown,Out-Group,None,None,API failure
1339696876107513856,test,few-shot,senatorsinema,repdavid,We’re working with @RepDavid to ensure Arizona Medicaid providers receive their full share of coronavirus Provider Relief Funds.  https://t.co/mdy31X22zg,Unknown,Out-Group,None,Interest,API failure
1340801525841588226,test,few-shot,speakerpelosi,senschumer,.@SenSchumer and I will speak with reporters shortly about the new bipartisan emergency coronavirus relief and omnibus package.  Watch here:  https://t.co/2fi357l3G3,Unknown,In-Group,None,Interest,API failure
355381934412660736,test,few-shot,repcohen,repmarktakano,My friend @RepMarkTakano grades #GOP arguments against #immigration reform  http://t.co/KE4YfO9BY3 #SpoilerAlert They get an F. #CIR,Unknown,In-Group,None,Interest,API failure
1273661920923582465,test,few-shot,repdonbeyer,gopleader,"""“There’s two people I think Putin pays: Rohrabacher and Trump,” - @GOPLeader, June 15, 2016  https://t.co/t8iyxfGTzO",Unknown,Out-Group,None,None,API failure
821496759654510593,test,few-shot,chrismurphyct,senalexander,".@SenAlexander just announced Senators can ask only 5 min of Q at #DeVosHearing, then he will forcibly shut it down. Outrageous.",Unknown,Out-Group,None,Anger|Disgust,API failure
770625594157625349,test,few-shot,repwesterman,johnboozman,This is where it all starts. I'm excited to join Sen. @JohnBoozman on the #Seed2Sawmill Tour. #ar4  https://t.co/uKAqGVhYJ4,Unknown,In-Group,None,Joy,API failure
684815120363577344,test,few-shot,repspeier,speakerryan,Heres my speech about @SpeakerRyan's flabby effort to defund #PlannedParenthood  https://t.co/jrx2tZOEzh #StandWithPP  https://t.co/ugBdaA8tmZ,Unknown,Out-Group,None,Anger|Disgust,API failure
324905367408615424,test,few-shot,repjudychu,repjohnconyers,Hitting the high notes with @WhipHoyer &amp; @RepJohnConyers at the #GrammyOnTheHill Awards last night.  http://t.co/L9PFsHo4KG,Unknown,In-Group,None,Interest,API failure
1271145437651664897,test,few-shot,repdeanphillips,repbrianfitz,"That's why @RepBrianFitz and I introduced the bipartisan TRUTH Act, to provide accountability and ensure American taxpayers know where their money went. Have a look, below👇#transparency  https://t.co/KdI0d3nLDt",Unknown,Out-Group,None,Interest,API failure
686679238276157440,test,few-shot,senblumenthal,senatorbarb,"On this #NationalMilkDay, I'm reminded of this udderly refreshing moment w/@SenatorBarb on the Senate Floor in 2014:  https://t.co/6UyVB7ec4j",Unknown,In-Group,None,Joy,API failure
1344689461028904960,test,few-shot,warrendavidson,reptedbudd,"Restaurants have been hard-hit as governments arbitrarily shut down dining. State and local governments cannot expect federal aid if they aren't doing the minimum to help businesses survive during COVID. I'm proud to join @RepTedBudd in cosponsoring the Save our Servers Act.""",Unknown,In-Group,None,Admiration|Joy,API failure
327486684545556480,test,few-shot,senatorcollins,markudall,"Sen. Collins, @MarkUdall offer bill to give FAA flexibility &amp; avoid further disruption to air travel:  http://t.co/wHpXdvlS3a",Unknown,Out-Group,None,Interest,API failure
830783243481968641,test,few-shot,replowenthal,repstevechabot,"As Co-Chairs of Cong Cambodia Caucus, @RepSteveChabot &amp; I sent letter to Sec Tillerson to call for free &amp; fair #elections in #Cambodia.",Unknown,Out-Group,None,Interest,API failure
1265741480154578946,test,few-shot,repmichaelguest,speakerpelosi,Americans are getting back to work &amp; they deserve Members of Congress who work on their behalf. Almost 70 Dems are absent from Washington. I’m in D.C. to call on @SpeakerPelosi to change her unconstitutional proxy voting rule so we can get back to work for the American people.  https://t.co/FPANwmOrKD,Unknown,Out-Group,None,Anger|Disgust,API failure
363336559942041600,test,few-shot,speakerboehner,reptomprice,"House stands with the American people, passes @RepTomPrice bill to get the #IRS out of #ObamaCare  http://t.co/qkOk0fPgo4 #stoptheIRS",Unknown,In-Group,None,None,API failure
712044272598568961,test,few-shot,repdavejoyce,reploiscapps,"Great to speak w/ the American Association of Colleges of Nursing &amp; honor my good friend, @RepLoisCapps  https://t.co/CsW7CNDQfz",Unknown,Out-Group,None,Joy,API failure
1336689019279781889,test,few-shot,senwarren,repjerrynadler,"As a law professor, I found that most bankruptcies are from an illness, job loss, or family death/breakup. COVID is pushing families over a financial cliff, and our system isn't providing relief. So @RepJerryNadler and I have a new bill to #FixBankruptcy.  https://t.co/iBSGn1aNzu  https://t.co/65tLDH645W",Unknown,In-Group,None,None,API failure
1271197203781091328,test,few-shot,repanthonybrown,repdonbacon,".@RepDonBacon and I introduced bipartisan legislation to rename military assets named after Confederates. We shouldn't honor those who fought for disunion and oppression.  As vets we know these long overdue changes matter to our soldiers, history and character of this country.",Unknown,Out-Group,None,None,API failure
839889667172487168,test,few-shot,repsarbanes,speakerryan,.@SpeakerRyan is “not concerned” that repeal plan gives huge tax cuts to insurance execs &amp; rich people while the rest of us #PayMoreForLess  https://t.co/ux1rDM1uDI,Unknown,Out-Group,None,Anger|Disgust,API failure
674720761832165380,test,few-shot,repmarciafudge,repbarbaralee,I’m joining  @RepBarbaraLee on the House floor to call for greater action to address poverty in America. #TalkPoverty,Unknown,In-Group,None,Interest,API failure
819235605775269888,test,few-shot,repmikerogersal,repjimcooper,Check out @repjimcooper and my op-ed on the tenth anniversary of the Chinese ASAT Missile Test.  https://t.co/fe6whjszZX,Unknown,Out-Group,None,Interest,API failure
309038149890355200,test,few-shot,repmckinley,speakerboehner,#SpendingIsTheProblem Check out this video from @SpeakerBoehner   http://t.co/qntQ0qoFs4 and tell us what you would cut using -&gt; #CutWaste,Unknown,In-Group,None,Interest,API failure
1290396633281306627,test,few-shot,repdeanphillips,repangiecraig,I have my friend and colleague @RepAngieCraig and her district team on my mind. Patriots do not threaten to our public servants and their staff. They protect them. Please join me in condemning such appalling behavior.,Unknown,In-Group,None,None,API failure
306871933876719616,test,few-shot,repfinchertn08,tulsipress,Thank you Congresswoman @TulsiPress and your parents for the wonderful toffee. My entire office loves…  http://t.co/ijuV240oHe,Unknown,Out-Group,None,Joy,API failure
1242834554425151490,test,few-shot,repdavejoyce,repmikequigley,.@RepMikeQuigley and I are proud to fight for the unsung heroes of our nation’s health care system 🏥  Congress needs to provide them with the resources necessary to overcome the challenges that lie ahead as we work to combat the #coronavirus outbreak.,Unknown,Out-Group,None,Interest,API failure
1242463191592054785,test,few-shot,repandybarr,repdeanphillips,"To my friend @RepDeanPhillips and my other Democrat colleagues asking for oversight over the $500 billion Exchange Stabilization Fund, let me remind you: YOU are the oversight. In fact, you serve on the FSC Oversight Subcommittee with me.",Unknown,Out-Group,None,None,API failure
1242428198056419330,test,few-shot,reptimryan,reprokhanna,I'm trying to shift the focus to smaller businesses and workers so we can get money directly to the American people. cc: @RepRoKhanna  https://t.co/hg4XrgojuM,Unknown,In-Group,None,None,API failure
722047048371994626,test,few-shot,senatorsinema,repgwenmoore,Happy birthday @RepGwenMoore!,Unknown,In-Group,None,Interest|Joy,API failure
704720167490752513,test,few-shot,chrismurphyct,speakerryan,"Voters aren't that dumb, @SpeakerRyan.  It's your caucus, not Trump, that won't re-up the Voting Rights Act.  https://t.co/aLwFUjwIBM",Unknown,Out-Group,None,Anger|Disgust,API failure
809144433400639488,test,few-shot,martinheinrich,chrismurphyct,Thank you @ChrisMurphyCT for being a leading voice against gun violence.,Unknown,In-Group,None,Admiration,API failure
810832067772747777,test,few-shot,senatorsinema,repadriansmith,Happy birthday @RepAdrianSmith!,Unknown,Out-Group,None,Interest|Joy,API failure
781238516957208577,test,few-shot,senatorkirk,michaelcburgess,Thanks @michaelcburgess - this bill will help improve national trauma response with military-civilian partnerships  https://t.co/gfimP7O9E4,Unknown,In-Group,None,Joy,API failure
722496916546830336,test,few-shot,stevescalise,repgrothman,The IRS is making it harder for taxpayers to access instruction documents. @RepGrothman's bill keeps them available.  https://t.co/qe3u5hBpR2,Unknown,In-Group,None,Interest,API failure
745984536849293312,test,few-shot,repscottrigell,senatorcollins,@shamrock_jamie I support policies in @SenatorCollins' bipartisan #TerroristFirearmsPrevention Act. Will act on similar bill in House.,Unknown,In-Group,None,None,API failure
347466128819363844,test,few-shot,jeffflake,senjohnthune,Tiime to put the death tax six feet under. Cosponsored @SenJohnThune’s #deathtaxrepeal bill today.,Unknown,In-Group,None,Interest,API failure
1276180944421036034,test,few-shot,repbrianfitz,repconorlamb,"Recently, I joined @RepConorLamb in leading a bipartisan letter urging support for veterans in the next round of #COVID19 relief. Congress must do everything in our power to support our veterans, especially by addressing employment and job training.  https://t.co/bJfBvmkX9q",Unknown,Out-Group,None,None,API failure
1239527815386726400,test,few-shot,repandykimnj,repdavid,"Hopeful that @RepDavid staff are safe and recover quickly. ICYMI last night, I've closed my DC office until further notice in response:  https://t.co/Y1yz2z8IpA",Unknown,Out-Group,None,Sadness,API failure
347354747944202240,test,few-shot,sendonnelly,senatorcollins,"Today, Joe will join @SenatorCollins for a press conference to propose changes to the #AffordableCareAct.  http://t.co/B4VdJfxkMS",Unknown,Out-Group,None,Interest,API failure
663717707548790784,test,few-shot,senatorsinema,repjohnkatko,Happy birthday @RepJohnKatko!,Unknown,Out-Group,None,Joy,API failure
661564260808581125,test,few-shot,senatorcarper,senjoniernst,.@SenJoniErnst &amp; I are asking VA to give veterans more info about status of flight programs  https://t.co/Ou5hsS4H0J  https://t.co/3HBOjNPDuo,Unknown,Out-Group,None,None,API failure
386175086819934209,test,few-shot,senatorcardin,speakerboehner,We want to negotiate a budget for next year but you can't do it w/a gun to your head. @SpeakerBoehner #JustVote - Ben  http://t.co/CTCoRXcbMP,Unknown,Out-Group,None,Anger|Disgust,API failure
1241757339029508099,test,few-shot,jimlangevin,repdonbacon,"We have a duty to keep nurses, doctors &amp; 1st responders confronting #COVID-19 safe. I’m proud legislation I authored w/@RepDonBacon to help get more respirators into the field was signed into law. I'll continue to fight to make important supplies available  https://t.co/tAtmYvVtpv  https://t.co/VeY78WxGNQ",Unknown,Out-Group,None,Joy,API failure
1248026586978217985,test,few-shot,repfredkeller,senwarren,"""Private institutions or schools partnering with the business community are currently filling the need for training in skills necessary for in-demand jobs.""  @SenWarren is wrong to keep non-traditional institutions of opportunity away from relief funding.   https://t.co/kCXpPLnr8W",Unknown,Out-Group,None,Anger|Disgust,API failure
1288287279132348416,test,few-shot,repsylviagarcia,repspeier,"Tomorrow, the House Armed Services Military Personnel Subcommittee will have a hearing on Vanessa Guillén &amp; sexual violence in the military.  Gracias @RepSpeier for making this happen. Together we’ll get #JusticeForVanessaGuillén &amp; her family!  Tune in:  https://t.co/zX9dvvlgcJ  https://t.co/6RASRmaeHp",Unknown,In-Group,None,Admiration|Interest|Joy,API failure
844645752655659008,test,few-shot,repjayapal,repcicilline,".@RepCicilline reading a letter from Sarah, a constituent: Oppose #TrumpCare. The wealthy don't need any more handouts.  https://t.co/opKrbFAInB",Unknown,In-Group,None,Interest,API failure
1286348184906850304,test,few-shot,lisamurkowski,senwhitehouse,"I’m proud that my legislation with @SenWhitehouse, the BLUE GLOBE Act, which prioritizes innovation and development of technology, was approved by the Senate Commerce, Science, and Transportation Committee by voice vote yesterday.   https://t.co/BSuA2sMRg1  https://t.co/NZAAFOrdwr",Unknown,Out-Group,None,Joy,API failure
380710947112759296,test,few-shot,senwarren,mikecrapo,.@MikeCrapo and I introduced an amendment to study cost savings &amp; encourage the use of energy efficiency technology:  http://t.co/oOjpFu3S2R,Unknown,Out-Group,None,None,API failure
1256285157709021184,test,few-shot,repjimmypanetta,repdankildee,"During this pandemic, we need #StrongUI benefits to support families. I'm proud to join @RepDanKildee in introducing legislation to expand &amp; strengthen unemployment benefits to make sure workers with reduced hours and recent college graduates don’t fall through the cracks.",Unknown,In-Group,None,Joy,API failure
841403110060904449,test,few-shot,rosadelauro,speakerryan,Shame on @SpeakerRyan for trying to kick 24 million Americans off their health care to give tax cuts to the wealthy.  https://t.co/mjtX2fqFDl,Unknown,Out-Group,None,Anger|Disgust,API failure
1254888146438889472,test,few-shot,greschenthaler,gopleader,The #PaycheckProtectionProgram is saving small businesses across the country. Thanks @GOPLeader for showing just how much this program is doing to provide small businesses with the tools they need to get through this and come back stronger than ever after #COVID19.,Unknown,In-Group,None,Admiration|Joy,API failure
335112155324092416,test,few-shot,repthomasmassie,repwalterjones,Thanks @RepWalterJones for signing my letter against the #InternetTax. #NoNetTax,Unknown,In-Group,None,Joy,API failure
779105646222438401,test,few-shot,gkbutterfield,reppittenger,".@reppittenger, your hateful and divisive rhetoric is exceedingly disappointing. Your constituents deserve better. #ncpol  https://t.co/1OdfwEZTGr",Unknown,Out-Group,None,Anger|Disgust,API failure
719510326400581632,test,few-shot,senatorsinema,repkevinbrady,Happy birthday @RepKevinBrady!,Unknown,Out-Group,None,Joy,API failure
816339954200641537,test,few-shot,reptomemmer,repbrianmast,"Looking forward to working with my friend, @RepBrianMast in the 115th Congress! He is a great man who will do great things for #FL18!",Unknown,In-Group,None,Admiration|Joy,API failure
1253715036436148225,test,few-shot,repnewhouse,repwesterman,"Happy #ArborDay to #WA04! We have a lot to celebrate today &amp; everyday. Through legislation like @RepWesterman's Trillion Trees Act, we can ensure that our trees &amp; forests grow, stay healthy, and continue to provide benefits for generations to come.    https://t.co/iLwoHBf4f7",Unknown,In-Group,None,Admiration,API failure
752597461412241408,test,few-shot,repbyrne,repadams,The House will soon debate a bill I introduced w/ @RepAdams to help #HBCUs with infrastructure improvements. Watch:  https://t.co/pR9Wd0OKWf,Unknown,Out-Group,None,Interest,API failure
1361797504774385670,test,few-shot,repdavideprice,speakerpelosi,.@SpeakerPelosi is right: we need a 9/11-style commission to investigate the events that led to the insurrection at the Capitol and provide recommendations to prevent future attacks.,Unknown,In-Group,None,Admiration|Interest,API failure
1252724425033744387,test,few-shot,repjasoncrow,repperlmutter,"Ran into my friend @RepPerlmutter on my flight today. We’re on our way back to Washington to vote on a package to replenish essential funding for small business loans, allocate $75 billion for hospitals, and $25 billion for coronavirus testing.  https://t.co/P2xUaS190V",Unknown,In-Group,None,Joy,API failure
1252706095027675137,test,few-shot,repdwightevans,congressmangt,Today my PA colleague @CongressmanGT &amp; I introduced a bill to provide a 4-month federal income-tax holiday for grocery and convenience store employees - they are serving on the front lines:  https://t.co/90OyKbGdpF,Unknown,Out-Group,None,None,API failure
1252655163447414784,test,few-shot,repmaloney,repcicilline,"On top of other financial stress, no one should be worried about predatory overdraft fees. That’s why today I joined with @RepCicilline to introduce the Stop Overdraft Profiteering During #COVIDー19 Emergency Act.  https://t.co/QlKSYbVfRg",Unknown,In-Group,None,Interest,API failure
335142926227222528,test,few-shot,jahimes,chrismurphyct,.@ChrisMurphyCT Now you've done it.... #shotsfired #shakeandbake  http://t.co/MR6ngpBoiK,Unknown,In-Group,None,Interest,API failure
720332167859953665,test,few-shot,repryanzinke,stevedaines,"Great day for @SteveDaines and I to meet students from Conrad, Libby and White Sulphur Springs. #mtpol  https://t.co/BmwjOsPYuX",Unknown,In-Group,None,Joy,API failure
842707096500101120,test,few-shot,senatorsinema,repdavejoyce,Happy birthday @RepDaveJoyce!,Unknown,Out-Group,None,Joy,API failure
720383531445272576,test,few-shot,repswalwell,reprubengallego,"Ahem, @RepRubenGallego  https://t.co/KPb0RgVWr4",Unknown,In-Group,None,None,API failure
720618286703120384,test,few-shot,jimlangevin,senwhitehouse,ICYMI I introduced a drone safety bill this week. Kudos @SenWhitehouse for your leadership on this in the Senate  https://t.co/QTifrZxXw5,Unknown,In-Group,None,Joy,API failure
1187012983144243201,test,few-shot,lindseygrahamsc,speakerpelosi,Our thoughts and prayers are with @SpeakerPelosi and her entire family as they grieve the passing of her brother Thomas J. D’Alesandro III.   This has been a family of consequence for Baltimore and our nation for decades.    May he rest in peace.       https://t.co/OS2A63dvWr,Unknown,Out-Group,None,Sadness,API failure
1369001846099021827,test,few-shot,reptedbudd,speakerpelosi,"Democrats oppose a wall on OUR border to protect OUR citizens, but DC politicians are still hiding behind militarized fencing.  Enough is enough.  It’s time for @SpeakerPelosi to take down this fence.  #ReopenTheHouse #ReopenAmerica  https://t.co/uYDyxy2RnT",Unknown,Out-Group,None,Anger|Disgust,API failure
1357449443411427329,test,few-shot,repdavidkustoff,repjoshg,"We've seen Iran become a leading state sponsor of terrorism, build up its nuclear weapons capability, &amp; endanger countries in the Middle East, including Israel. Learn how my &amp; @RepJoshG's bill will help expose the corrupt nature of this dangerous regime.  https://t.co/O0DRJIIcCI",Unknown,Out-Group,None,Admiration,API failure
464483973327253504,test,few-shot,repfleming,senlandrieu,".@SenLandrieu House Republicans passed #KeystoneXL bills in 2011, 12, 13. To my Senate Democrat friends &amp; POTUS: what are you waiting for?",Unknown,Out-Group,None,Interest,API failure
877918685805121536,test,few-shot,gerryconnolly,repterrisewell,"4 yrs ago, #SCOTUS gutted the Voting Rights Act. Proud to support @RepTerriSewell's Voting Rights Advancement Act. #RestoreTheVote",Unknown,In-Group,None,Interest|Joy,API failure
1113913986137903105,test,few-shot,senthomtillis,senfeinstein,.@SenFeinstein and I introduced a resolution that designates April as Countering International Parental Child Abduction month and instructs the federal government to educate state &amp; local law enforcement about the issue and how to combat it. #IPCAMonth  https://t.co/3Z78NxSZQK,Unknown,Out-Group,None,None,API failure
1113843755956736001,test,few-shot,repbrownley,sensherrodbrown,".@SenSherrodBrown and I introduced a bill today to allow children of disabled vets to remain eligible for VA healthcare until they are 26 years old – the same coverage required under the #ACA for private-sector insurance plans, as well as the military’s TRICARE program.  https://t.co/nq0iZPyvW4",Unknown,In-Group,None,None,API failure
999381351634743299,test,few-shot,senatorenzi,mikekellypa,Led a letter to President Trump with @MikeKellyPA and 78 other members to ensure the government protects faith-based organizations that provide child welfare services from losing federal funding because of their religious faith.  https://t.co/7g6Bk8UjQK,Unknown,In-Group,None,None,API failure
1110905412092608512,test,few-shot,repbeatty,speakerpelosi,"Happy Belated Birthday, @SpeakerPelosi!  https://t.co/l8xAYL1Bu8",Unknown,In-Group,None,Joy,API failure
928082294862155776,test,few-shot,repbeatty,speakerryan,"FACT: @SpeakerRyan has not allowed one bill to have an open rule, which allows members to propose changes to a bill  https://t.co/nbIoYEAS6u",Unknown,Out-Group,None,Anger|Disgust,API failure
928714520670932997,test,few-shot,repdonbeyer,repbillfoster,"I agree with physicist and @SciCmteDems colleague @RepBillFoster -- scientific advise at EPA should be rigorous and independent.  Instead, Scott Pruitt is relentlessly trying to politicize it.  https://t.co/cxQYv2XDXA",Unknown,In-Group,None,Admiration|Interest,API failure
929775459251949571,test,few-shot,jimlangevin,senjackreed,Happy birthday @SenJackReed !,Unknown,In-Group,None,Joy,API failure
930518990451085314,test,few-shot,repdonbeyer,reptedlieu,My colleague @RepTedLieu just pressed Attorney General Sessions' over his answers on security clearance paperwork related to Russia.  Sessions previously attested on his SF-86 that he had *not* had contact with representatives of a foreign government. He reversed himself today.  https://t.co/XPJilcl0Fv,Unknown,In-Group,None,Admiration|Interest,API failure
593866157750353920,test,few-shot,repcartwright,repdold,Today I introduced the Nonprofit Energy Efficiency Act with the support of @RepDold! Read about the bill here --&gt;  http://t.co/jg5YP6ZmGV,Unknown,Out-Group,None,Joy,API failure
593829729037324288,test,few-shot,reptomemmer,reprobinkelly,"Happy Birthday, @RepRobinKelly! As a gift, we all chipped in and got you a bunch of amendment votes.",Unknown,Out-Group,None,Joy,API failure
1103397029437423616,test,few-shot,repkatiehill,reprobinkelly,"We're talking about the #VA, specifically the #GAO report that the VA has ""leadership instability"" as well as ""inadequate oversight and accountability"" -- our veterans in #CA25 deserve a VA worthy of their service.   Thank you to @RepRobinKelly for your questions on this issue.",Unknown,In-Group,None,Joy,API failure
935978408907034624,test,few-shot,mikekellypa,repjoecourtney,"Proud to lead a bipartisan coalition w/@RepJoeCourtney to repeal the unfair ""Cadillac Tax"" on employer-sponsored health care plans. Read our letter to Speaker Ryan/Leader Pelosi, signed by 140 House Reps &amp; Dems:  https://t.co/u06qTL8zxx Our bipartisan bill:  https://t.co/TU3HPTf47M",Unknown,Out-Group,None,Joy,API failure
464463913128833025,test,few-shot,senmikelee,senalexander,Good op-ed by @SenAlexander on need to eliminate wind energy subsidies. GOP needs to become voice of anti-cronyism:  http://t.co/Ojegox9OyF,Unknown,In-Group,None,Interest,API failure
469919959377006592,test,few-shot,senatorkirk,senatorbarb,.@senatorbarb and I are leading a bipartisan effort for Pres. Obama to strengthen our commitment to Poland  http://t.co/U2Z8ZFpi1u,Unknown,Out-Group,None,None,API failure
590957858025504769,test,few-shot,repdankildee,repdebdingell,Now hosting briefing on currency with @RepDebDingell. #TPP w/o currency provisions is bad for workers! #StopFastTrack  http://t.co/f6b0ZakJYU,Unknown,In-Group,None,None,API failure
938874757017161728,test,few-shot,replowenthal,speakerryan,".@SpeakerRyan plans to add a trillion $ in new debt with tax cuts for his billionaire donors, &amp; now announces that he’s coming for Medicare and social security. The American people will NEVER accept this galling hypocrisy. This is madness.   https://t.co/LEFIg80vPC",Unknown,Out-Group,None,Anger|Disgust,API failure
1100547348579659776,test,few-shot,repadamsmith,joaquincastrotx,It is dangerous &amp; wrong for the President to circumvent Congress by stealing funds from military readiness for his political agenda. I strongly support Congressman @JoaquinCastrotx's resolution to terminate the #FakeEmergency. We will continue to fight this unlawful power grab.,Unknown,In-Group,None,Admiration,API failure
939504045655494657,test,few-shot,repkarenbass,speakerryan,Cc: @SpeakerRyan. Thoughts on the below from the man you appointed to be CHAIRMAN of the Subcommittee on the Constitution &amp; Civil Justice? What does your tolerance and protection show your children?  https://t.co/dhBCs2TCPE,Unknown,Out-Group,None,Anger|Disgust,API failure
1098783436444221441,test,few-shot,pattymurray,lisamurkowski,"I introduced the Survivors’ Access to Supportive Care Act with Senator @lisamurkowski to help make sure all sexual assault survivors get compassionate, experienced care at hospitals that meets their needs &amp; helps them hold perpetrators accountable. #SASCA  https://t.co/rHlfUkmZ2i",Unknown,Out-Group,None,Interest,API failure
941066482796113921,test,few-shot,repmarcykaptur,janschakowsky,".@janschakowsky and I wrote to Salvadoran officials to urge workers who make garments at home be treated fairly. The stories I heard when we met are sadly all too common across the globe. Let’s keep working to improve workers' lives, which in turn, lifts up all people.  https://t.co/4gkQoGv22e",Unknown,In-Group,None,None,API failure
476014088573952000,test,few-shot,mikekellypa,mcconnellpress,Very proud to introduce the #Coal Country Protection Act in the House:  http://t.co/eq1LxZ6j7w @McConnellPress #WarOnCoal #WarOnJobs #PA03,Unknown,In-Group,None,Joy,API failure
1093703727133933568,test,few-shot,repderekkilmer,repdebdingell,It was a great honor to serve with John Dingell. I learned so much from him and continue to learn from his wife @RepDebDingell who serves with such distinction. I’m so sorry to learn of his passing and ask everyone to keep the Dingell family in their prayers.,Unknown,In-Group,None,Admiration|Sadness,API failure
476023248782893057,test,few-shot,gopleader,senatorreid,Tell @SenatorReid to stop blocking House Republican bills to #ReformTheVA  http://t.co/sZk04AdPMw,Unknown,Out-Group,None,Anger|Disgust,API failure
948215158828142594,test,few-shot,chrismurphyct,senblumenthal,On the way to Puerto Rico with @SenBlumenthal to hear from people on the ground about the ongoing recovery efforts. It's been 100 days since Maria made landfall and huge swaths of the island are still without power.,Unknown,In-Group,None,Interest,API failure
1088907755996545024,test,few-shot,repkarenbass,speakerpelosi,.@SpeakerPelosi should give the State of the Union since she's obviously the one running the country.,Unknown,In-Group,None,Anger,API failure
950831188339458048,test,few-shot,repspeier,farenthold,"I hope @farenthold keeps his promise to payback the $83,000 in taxpayer funds used to cover his #harassment settlement. Taxpayers should NEVER foot the bill when Members of Congress can't keep their hands to themselves.",Unknown,Out-Group,None,Anger|Disgust,API failure
936718029844635648,test,few-shot,repjerrynadler,repgoodlatte,"Dear @RepGoodlatte: If you wont support call for investigation into obstruction of justice on grounds that Special Counsel Meuller is handling it, will you join @HouseJudDems in pushing bipartisan legislation to protect #SpecialCounsel from undue political interference?  https://t.co/1mYq5Q3IrN",Unknown,Out-Group,None,Anger,API failure
581477220046270464,test,few-shot,senatormenendez,senatorreid,An outstanding leader &amp; legislative warrior for the good of our nation. Nevada &amp; US are indebted to @SenatorReid.  http://t.co/3Tj9ILn6xf,Unknown,In-Group,None,Admiration,API failure
464445832583192576,test,few-shot,repjoegarcia,rodneydavis,"In anticipation of #smallbusinessweek , today I intro'd bill w/ @RodneyDavis to help #entrepreneur over 50. Read more  http://t.co/YuueCMD9Dj",Unknown,Out-Group,None,None,API failure
463686913069953024,test,few-shot,senatorheitkamp,senwhitehouse,Thanks @SenWhitehouse for being the 18th co-sponsor of my #CommissionOnNativeChildren bill.Looking forward to working together on this issue,Unknown,In-Group,None,Joy,API failure
906932709070708736,test,few-shot,jimlangevin,senwhitehouse,Join @SenWhitehouse at a #townhall meeting he’s hosting today at Jenks Middle School in Pawtucket beginning at 2:30pm.,Unknown,In-Group,None,Interest,API failure
907757385443414016,test,few-shot,senrobportman,senatordurbin,Proud to chair the Senate #Ukraine Caucus w/ @SenatorDurbin. We will continue to advocate for our Ukrainian friends here in the U.S. Senate,Unknown,Out-Group,None,Joy,API failure
444513992342781952,test,few-shot,repbeatty,repstevestivers,Pleased @RepSteveStivers &amp; I worked together on H.R. 3584 &amp; produced a bipartisan bill that the House #FSC unanimously supported,Unknown,Out-Group,None,Joy,API failure
446013396430094336,test,few-shot,jerrymoran,mccaskilloffice,.@McCaskillOffice Lookout for our Wildcats &amp; Shockers too! KS proud to be sending 3 teams to STL for #NCAAbball. Good luck to Mizzou in NIT.,Unknown,Out-Group,None,Joy,API failure
1144274079878434816,test,few-shot,repjimbanks,speakerpelosi,"Even moderate Democrats agree the Senate bill should be voted on and passed. @SpeakerPelosi, are you listening?",Unknown,Out-Group,None,None,API failure
909858527610621952,test,few-shot,senwhitehouse,sentoddyoung,Will @SenToddYoung oppose $425M in cuts for Indiana under #GrahamCassidy bill?  https://t.co/MjBcMsuAbi,Unknown,Out-Group,None,Interest,API failure
1143537483772301315,test,few-shot,senrobportman,senatorcarper,"The federal govt can &amp; must, do a better job of shoring up our defenses against the rising cybersecurity threats. I look forward to continuing my work w/ @SenatorCarper &amp; my bipartisan colleagues to address this issue to ensure the safety &amp; security of Americans’ sensitive info.",Unknown,Out-Group,None,Interest|Joy,API failure
1141825385702789122,test,few-shot,senrickscott,marcorubio,"Thousands of farmers and produce growers call Florida home, and their livelihoods depend on their crops.   This is an important piece of legislation and I will continue working with @MarcoRubio and the rest of our Florida colleagues to make sure our farmers are protected. 🍓🍓",Unknown,In-Group,None,Interest,API failure
1141748305636073474,test,few-shot,frankpallone,repgregwalden,"NEWS: It’s time to end the robocall epidemic and restore trust back into our phone system. Today, I’m proud to announce a deal w/ @RepGregWalden on a comprehensive bipartisan version of the Stopping Bad Robocalls Act to stop abusive robocall practices.  https://t.co/Msq1FmEKTb",Unknown,Out-Group,None,Interest|Joy,API failure
1140751390811099136,test,few-shot,repscottpeters,repangiecraig,"Our bill with @RepAngieCraig, the State Health Care Premium Reduction Act, passed the Energy and Commerce Committee last month. It would expand state-based programs that cover the costliest medical claims and therefore, reduce premiums for everyone.",Unknown,In-Group,None,None,API failure
451838186474713089,test,few-shot,senatorcarper,senatorboxer,Leadership of @SenatorBoxer and #bipartisanship enabled #EPW to move important bills for #environment today:  http://t.co/FH7MtfBPY2,Unknown,In-Group,None,Admiration,API failure
1137079277755592705,test,few-shot,repthompson,replucymcbath,Honored to join @RepLucyMcBath in her district to meet with survivors and advocates working to #EndGunViolence. We also met with experts from the Centers for Disease Control who study gun violence. Thank you to all who shared their stories and to Lucy for her inspiring work.  https://t.co/XENs7tIoKy,Unknown,In-Group,None,Admiration|Joy,API failure
1116338083157430273,test,few-shot,repmattgaetz,repadamschiff,"If @RepAdamSchiff is able to review covert operations and intelligence, it would be like putting Lori Loughlin in charge of the college board. It would be like putting Jussie Smollett in charge of the hate crime of the FBI.   https://t.co/VOZrZywYa4",Unknown,Out-Group,None,Anger|Disgust,API failure
1136663045709664257,test,few-shot,stevescalise,reprichmond,"75 years ago, 150,000+ troops risked their lives on #DDay—a mission that turned the tide of WWII. They deserve lasting recognition. @RepRichmond and I introduced a bill to create a commemorative coin to celebrate the 75th anniversary of the Allied victory.  https://t.co/fpOTr4sfvP",Unknown,Out-Group,None,Admiration,API failure
913430305930870784,test,few-shot,repohalleran,repschrader,.@RepSchrader &amp; I are fighting to ensure tax dollars aren't wasted on lavish gov't flights. Our bill 👉  https://t.co/1vEqW5EOXN #AZ01  https://t.co/Q4xxOF7PMi,Unknown,In-Group,None,Interest,API failure
454356585461321730,test,few-shot,senatorkirk,senatormenendez,My res w/ @SenatorMenendez passed committee today –  victims of the Armenian Genocide must be remembered and honored.  http://t.co/klUQ2W2isi,Unknown,Out-Group,None,None,API failure
454389977422761984,test,few-shot,senatordurbin,senjohnmccain,Met Ambs. from Poland &amp; Lithuania &amp; the Chargé of Estonia w/@SenJohnMcCain to tlk Ukraine &amp; Russia  http://t.co/iKjljkoTM8,Unknown,Out-Group,None,Interest,API failure
1130932345727528964,test,few-shot,repkclark,repkatieporter,"Someone get this man a glass of milk!!!   And an understanding of housing policy. 🤦‍♀️ (Thank you, @RepKatiePorter)",Unknown,In-Group,None,Joy,API failure
458302864742285312,test,few-shot,jeffflake,martinheinrich,Looking forward to touring AZ and NM forests tomorrow with Sen. @MartinHeinrich  http://t.co/LfUR2d5V5f,Unknown,Out-Group,None,Interest|Joy,API failure
459724274517819392,test,few-shot,repjohnyarmuth,speakerboehner,"If @SpeakerBoehner wants to enact #immigration reform, he just needs to bring it up for a vote: #TimeIsNow  http://t.co/SjXY1OFEAb",Unknown,Out-Group,None,Anger,API failure
915292483302633472,test,few-shot,tulsipress,eleanornorton,Mahalo @EleanorNorton the newest cosponsor of the #OFFAct to transition the US to a 100% clean energy economy by 2035,Unknown,In-Group,None,Joy,API failure
460833246834864128,test,few-shot,repreneeellmers,senatorreid,.@SenatorReid and Democrats in the #SenateMustAct on #KeystoneXL. It's #TimeToBuild.  http://t.co/5Nfyz0I88j,Unknown,Out-Group,None,None,API failure
915640593027620866,test,few-shot,martinheinrich,senatorcollins,I’ll keep pushing my innovative #2gen legislation with @SenatorCollins to provide a comprehensive strategy to help families succeed &amp; thrive,Unknown,Out-Group,None,None,API failure
601862898785382400,test,few-shot,senthomtillis,sensherrodbrown,Honored to join @SenSherrodBrown on bill to enhance educational benefits for family members of servicemembers killed in the line of duty.,Unknown,Out-Group,None,Admiration|Joy,API failure
918942549766758400,test,few-shot,reprickcrawford,petesessions,"Hey @PeteSessions, it was an honor blocking for you this week, but this Nextgen Center may have to fill in for me next time.  https://t.co/kAXyBxYZ4M",Unknown,In-Group,None,Admiration|Joy,API failure
600689889806422016,test,few-shot,peterroskam,jim_jordan,"Thx Rep. @Jim_Jordan for supporting SIGMA, my bill to create an #Obamacare Special Inspector General →  http://t.co/RtEVL23uhX",Unknown,In-Group,None,Joy,API failure
913423806802354176,test,few-shot,repstephmurphy,stevescalise,Deeply moved by @SteveScalise’s return to the House chamber today. It’s a truly uplifting moment for us all.  https://t.co/20epRyaGtP,Unknown,Out-Group,None,Admiration|Joy,API failure
443502213693177856,test,few-shot,peterroskam,repdannydavis,I just introduced bill w @RepDannyDavis to remove barriers to research &amp; development of vital advanced antibiotics  http://t.co/HhjuniaHVI,Unknown,Out-Group,None,None,API failure
1085669568373239813,test,few-shot,lisamurkowski,repdonyoung,".@RepDonyoung &amp; I, alongside five other Congressional colleagues, filed an amicus curiae brief w/ the Fifth Circuit, US Court of Appeals in support of the Indian Child Welfare Act or ICWA. This follows an Oct 4, 2018 Texas federal court ruling deeming ICWA as unconstitutional.",Unknown,In-Group,None,None,API failure
1083418646926495744,test,few-shot,repdwightevans,speakerpelosi,MUST WATCH.  @SpeakerPelosi to Republicans: “Did you take an oath to the Constitution or an oath to Donald Trump?”   *mic drop* 🎤🎤🎤  https://t.co/V9IKLMF6id,Unknown,In-Group,None,Admiration,API failure
974826116748906496,test,few-shot,repmarkwalker,louiseslaughter,.@LouiseSlaughter was a leader in the House and represented New York well for more than 3 decades. Prayers of comfort for her family as they remember and honor her life.  https://t.co/lF1g4nFXCM,Unknown,Out-Group,None,Admiration|Sadness,API failure
1037077086522036225,test,few-shot,repdonbacon,repcarbajal,Thankful to be part of the first completed exchange program for the Bipartisan Commission. Some highlights of my time with @RepCarbajal included tours of the Cal Poly Cybersecurity Institute and Cyber-crime Forensics Lab as well as the quantum physics and medical research at UCSB  https://t.co/OalcYXqTgK,Unknown,Out-Group,None,None,API failure
510125372030349312,test,few-shot,peterwelch,repmckinley,Can Congress help struggling coal workers w/o getting bogged down in a partisan fight? @RepMckinley &amp; I r gonna try:  http://t.co/jlzsTz1z3H,Unknown,Out-Group,None,Interest,API failure
1034487213898248193,test,few-shot,senschumer,senjohnmccain,"I hope that many, if not most or all, will join because @SenJohnMcCain was a dear friend to all of us and a great American, great senator, a great man.  Let his name be an example to future generations, as his service and character were to every one of us.",Unknown,Out-Group,None,Admiration,API failure
1033709336697233408,test,few-shot,repcuellar,senjohnmccain,"America has lost a fighter. @SenJohnMcCain was a war hero and an incredible public servant, who always bravely stood up for what he believed in. His dedication to service and fortitude will never be forgotten.",Unknown,Out-Group,None,Admiration,API failure
563443549384228864,test,few-shot,repdinatitus,repmckinley,Teamed up with @RepMcKinley on a bill to give our student #veterans more flexibility to pursue #STEM degrees.  http://t.co/VYbbjd7TfF,Unknown,Out-Group,None,None,API failure
1031634800967266305,test,few-shot,ronwyden,repblumenauer,"Thanks, @repblumenauer for joining me in demanding #PaperBallotsNOW. #PAVEAct",Unknown,In-Group,None,Joy,API failure
1029064289473024001,test,few-shot,repbradwenstrup,repronkind,"Just introduced bipartisan legislation with @RepRonKind to correct an outdated requirement in the tax code and ensure veterans' service organizations are able to welcome all veterans, while maintaining their access to tax-deductible donations. Read more:  https://t.co/WR9S9V6aK7",Unknown,Out-Group,None,None,API failure
1026468183652196353,test,few-shot,repjoshg,repbrianfitz,"I stood with @RepBrianFitz, widow Ellen Saracini, and North Jersey police officers, firefighters, local elected officials, pilots, and flight attendants to call on Congress to pass HR 911, the Saracini Aviation Safety Act of 2017.  https://t.co/jTE3EzDArX",Unknown,Out-Group,None,Interest,API failure
984096563071979522,test,few-shot,marshablackburn,speakerryan,"(1/2) Thank you so much, @SpeakerRyan, for your incredible service to the American people in the House of Representatives. You have persistently led the fight for economic growth, and led the House to pass historic tax reform.",Unknown,In-Group,None,Admiration|Joy,API failure
527459035579432960,test,few-shot,senbobcorker,lisamurkowski,Enjoyed joining @lisamurkowski on Tuesday at Commonwealth North's Foreign Policy Roundtable in Anchorage.  http://t.co/jnLPth4CtV,Unknown,In-Group,None,Joy,API failure
560157063142457345,test,few-shot,michaelcburgess,repfredupton,ICYMI: Our response to the Internet of Things report:  http://t.co/PaedxmvI7U @RepFredUpton,Unknown,In-Group,None,None,API failure
974759349867483137,test,few-shot,senatorhassan,senduckworth,"Veterans should have the support and resources they need to smoothly transition back into civilian life. Yesterday, I joined @SenDuckworth and others in introducing a bill to help ensure that veterans can access child care as they seek employment.",Unknown,In-Group,None,Interest,API failure
986678857788022786,test,few-shot,senjeffmerkley,chrismurphyct,The Choose Medicare Act – new legislation that I’m introducing today with @ChrisMurphyCT – creates a Medicare option for all Americans not already covered by Medicare or Medicaid.,Unknown,In-Group,None,None,API failure
1017142148523753472,test,few-shot,repadamsmith,repjayapal,The Dignity For Detained Immigrants Act that I introduced with @RepJayapal would do just that – ensure the use of alternatives to detention and end the use of private prisons in immigration detention.,Unknown,In-Group,None,None,API failure
988904091849052161,test,few-shot,replancenj7,repjoshg,".@RepJoshG &amp; Leonard Lance were listed as being among the most bipartisan lawmakers in Congress by the Lugar Center, a public policy group headed by former U.S. Sen. Richard Lugar, R-Ind., and by Georgetown University's McCourt School of Public Policy.   https://t.co/Jsv8w2JeXL",Unknown,Out-Group,None,Interest,API failure
1016750323627712512,test,few-shot,senrobportman,senatormenendez,Today I introduced a resolution with @SenatorMenendez and other #Senate colleagues condemning #Russia’s ongoing illegal occupation of #Crimea. The United States continues to stand with the #Ukraine against #Russian aggression.  https://t.co/4jpLZ8JEAR,Unknown,Out-Group,None,None,API failure
989907278307438592,test,few-shot,senatormenendez,corybooker,"Happy birthday @CoryBooker! You are a staunch champion for the people, a tireless advocate for equality and justice, and a leader for a new generation. I'm proud to call you my friend, and hope you have the happiest of birthdays.  https://t.co/lOnFHWr7cq",Unknown,In-Group,None,Admiration|Joy,API failure
1012414076855599106,test,few-shot,repricklarsen,susanwbrooks,Congress has a responsibility to invest in schools so children can focus on learning instead of worrying about whether their school will be next tragedy. @SusanWBrooks &amp; I formed the School Safety Caucus to provide a forum for Congress to discuss security &amp; safety measures.  https://t.co/gwavDDggiN,Unknown,Out-Group,None,None,API failure
1011980305975083008,test,few-shot,repwilson,repmaxinewaters,@RepAlGreen Too few members of Congress have the courage to speak their mind like @RepMaxineWaters. History will judge us on our silence. Silence is complicity. I applaud and #StandWithMaxine  @OfficialCBC,Unknown,In-Group,None,Admiration,API failure
537437900577976321,test,few-shot,chrismurphyct,senschumer,.@SenSchumer point today was that Dems could have framed #hcr better. Didn't read it as a politics over policy critique.,Unknown,In-Group,None,Interest,API failure
994655312761245696,test,few-shot,repjudychu,repbarbaralee,Congratulations @RepBarbaraLee! I’m proud to serve with such a strong champion of women’s health and reproductive rights.  https://t.co/vDAMGtXeSd,Unknown,In-Group,None,Admiration|Joy,API failure
540505835709816834,test,few-shot,senatorsinema,gracenapolitano,Happy birthday Rep. @gracenapolitano!,Unknown,In-Group,None,Joy,API failure
553582707041902593,test,few-shot,johnboozman,chrismurphyct,Looking forward to improving global partnerships. Proud to join @ChrisMurphyCT as Co-Chair of Study Group on Europe  http://t.co/3tPwAIa7HM,Unknown,Out-Group,None,Joy,API failure
1007001852540571649,test,few-shot,repdavidrouzer,stevescalise,Looking forward to having @SteveScalise back on the field for tomorrow's #CongressionalBaseballGame. This event is a time for Congress to set aside political differences &amp; celebrate America’s favorite pastime in honor of local charities like the US Capitol Police Memorial Fund!  https://t.co/DTbF16XNYI,Unknown,In-Group,None,Joy,API failure
1002970603165536258,test,few-shot,senatorcantwell,pattymurray,It was wonderful to celebrate the 150th anniversary of Washington’s Pilotage Act this week with @PattyMurray and this fantastic group in Port Townsend.  https://t.co/blpwIE17NQ,Unknown,In-Group,None,Joy,API failure
987009002239332352,test,few-shot,senjoniernst,senatorbaldwin,"Today, @SenatorBaldwin and I introduced the FARMERS FIRST Act to provide our nation's agricultural community with critical mental health support and resources. Learn more here:  https://t.co/4mMij2CATr  https://t.co/iJyYoOQmBR",Unknown,Out-Group,None,None,API failure
1083565600608305152,test,few-shot,repandybiggsaz,repbrianbabin,I am honored to join @RepBrianBabin in co-chairing the Border Security Caucus. I look forward to working with Congressman Babin and other members of the caucus to help secure our border &amp; give our Border Patrol agents the resources they need.  https://t.co/1fhEVlBGqa,Unknown,In-Group,None,Joy,API failure
500031629898051584,test,few-shot,senjohnmccain,grahamblog,Iraqi Prime Minister Maliki's decision to step down is necessary and positive. My stmt w/ @GrahamBlog:  http://t.co/yZyLNbqJBI,Unknown,In-Group,None,Interest,API failure
1040287545844752386,test,few-shot,congressmangt,jimlangevin,Proud to work with my friend &amp; #CTE Caucus Co-Chair @JimLangevin to restore rungs on the ladder of opportunity for all Americans.  Our Turn: Jim Langevin and Glenn 'GT' Thompson: Closing the skills gap is bipartisan affair  https://t.co/EWChXPbXMe,Unknown,Out-Group,None,Admiration|Joy,API failure
580495990463033344,test,few-shot,repmarcykaptur,mikekellypa,.@MikeKellyPA Go team auto caucus!  http://t.co/BiwdpZVTC1,Unknown,Out-Group,None,Joy,API failure
954403565308731392,test,few-shot,reploudermilk,senschumer,"NEWS FLASH @SenSchumer, your DACA “deadline” is artificial. Why won’t you vote to fund our military and support our children? #SchumerShutdown  https://t.co/qPmcSnMKNi",Unknown,Out-Group,None,Anger|Disgust,API failure
1075496039392653333,test,few-shot,senatormenendez,senwhitehouse,LIVE: I’m speaking on the Senate floor with @SenWhitehouse to call attention to climate change and increasing natural disasters. We’re urging Congress to pass the bipartisan SAFE NFIP Act to protect us against severe storms. Watch below 👇  https://t.co/I2Q4rMelNv,Unknown,In-Group,None,None,API failure
1075467264814649346,test,few-shot,congmikesimpson,speakerryan,Paul has been an exceptional Speaker. We both came to Congress in 1999 and I have enjoyed a great working relationship with him since we first met. @SpeakerRyan will be truly missed.,Unknown,In-Group,None,Admiration|Sadness,API failure
1072978148969504768,test,few-shot,senatorheitkamp,senatorhassan,Thank you for the kind words. It was a privilege to work alongside strong &amp; effective women in the U.S. Senate like my friend &amp; colleague @SenatorHassan.,Unknown,In-Group,None,Admiration|Joy,API failure
578571812470157312,test,few-shot,mcconnellpress,senbobcasey,Today @SenateMajLdr intros bipartisan bill w/@SenBobCasey-addresses rise of prenatal opioid abuse &amp; infants suffering from opioid withdrawal,Unknown,Out-Group,None,Interest,API failure
1072859676956655617,test,few-shot,reprichmond,senwarren,"Yesterday, I introduced the American Housing and Economic Mobility Act, a bill originally introduced in the Senate by @SenWarren. Read my statement on the introduction of this comprehensive affordable housing bill:  https://t.co/uu0BRa4Km3",Unknown,In-Group,None,Interest,API failure
487590924721987584,test,few-shot,repwilson,repkarenbass,“Children’s rights are human rights.” @RepKarenBass #BringBackOurGirls #JoinRepWilson,Unknown,In-Group,None,Interest,API failure
959111033133719552,test,few-shot,chelliepingree,speakerryan,"Another week in Congress gone by w/o passing long-term funding for the Federally Qualified Health Centers that Mainers rely on. Unacceptable. My colleagues and I have asked @SpeakerRyan to bring any of these sensible solutions to the floor: HR 3770, HR 4541 &amp; HR 4820. #mepolitics  https://t.co/8tBiklkyXH",Unknown,Out-Group,None,Anger,API failure
1067830384090587137,test,few-shot,repbrianhiggins,repjeffries,Congratulations to my colleague and fellow New Yorker @RepJeffries on his election to be Democratic Caucus Chair in the 116th Congress!,Unknown,In-Group,None,Joy,API failure
959621368538165251,test,few-shot,repmccaul,johncornyn,Happy birthday to my former boss @JohnCornyn. #Texas,Unknown,In-Group,None,Joy,API failure
960198515463929856,test,few-shot,senrobportman,senatorcarper,My bipartisan PSI report w/ @SenatorCarper showed how easy it is for drug traffickers to receive fentanyl from overseas sellers. There is a legislative solution to keep these drugs out.  https://t.co/ex5TkX5dje #STOPAct,Unknown,Out-Group,None,None,API failure
1040216027148079111,test,few-shot,senwhitehouse,jimlangevin,"A good local piece on the cyber threat, where @JimLangevin and I put in a lot of effort doing work like this.   https://t.co/bkRNzbgJmp",Unknown,In-Group,None,None,API failure
1065379963392671744,test,few-shot,repschneider,senatordurbin,Happy Birthday @SenatorDurbin!,Unknown,In-Group,None,Joy,API failure
489528664619380736,test,few-shot,roslehtinen,repteddeutch,Today @RepTedDeutch + I intro'd a resolution denouncing #Hamas' despicable use of #humanshields in Gaza. #humanrights  http://t.co/Lvvx2iTREk,Unknown,Out-Group,None,None,API failure
1058898828655501312,test,few-shot,repstephmurphy,repdarrensoto,"Pleased to stop by the 40th anniversary celebration of @GLBTOrlando and grateful for everything they do to make our community better, stronger, and more inclusive for all. Congratulations! Great seeing my friend @RepDarrenSoto there too! #anightat54 🎉 🏳️‍🌈 🍾  https://t.co/h64ZQ23phc",Unknown,In-Group,None,Admiration|Joy,API failure
961629210413600769,test,few-shot,repschneider,rephuizenga,"Today, @RepHuizenga and I led a bipartisan group urging the Appropriations Committee to support language keeping the Brandon Road Project on track to prevent the destructive spread of Asian carp into our #GreatLakes.  https://t.co/LI4WitI06d  https://t.co/jgX6wJpr1J",Unknown,Out-Group,None,None,API failure
1051907294827597825,test,few-shot,repnewhouse,repderekkilmer,I'm so pleased to welcome my friend and colleague @RepDerekKilmer to Central Washington as we kick off our bipartisan Civility and Respect Tour. First stop: the #HanfordSite to show the importance of the federal government's obligation to the people in the Mid-Columbia. #WA04,Unknown,Out-Group,None,Admiration|Joy,API failure
1046185216539267072,test,few-shot,repkevinbrady,stevescalise,"A miraculous year for my roommate in D.C., @SteveScalise. He battled back through multiple surgeries, intense rehab &amp; relearning to walk. He’s blessed by a strong faith in God &amp; AMAZING family, friends. #ProudOfYou",Unknown,In-Group,None,Admiration,API failure
570743130464653314,test,few-shot,repkinzinger,tulsipress,Great talking policy from a veteran's perspective at #nyuvets tonight w @TulsiPress  http://t.co/yvktfBohcI,Unknown,Out-Group,None,None,API failure
494159042638782464,test,few-shot,repjohnyarmuth,speakerboehner,"Instead of a frivolous lawsuit, @SpeakerBoehner and House GOP should work w/ Dems to put the #MiddleClassFirst:  http://t.co/UiIpicw0S3",Unknown,Out-Group,None,Anger|Disgust,API failure
971389207552851968,test,few-shot,reprichhudson,repmarkwalker,"I'm proud to introduce legislation with @RepMarkWalker to rename a post office in Greensboro as the “J. Howard Coble Post Office Building.” Howard Coble was a proud son of Greensboro who served the people of North Carolina's 6th District with honor, integrity and kindness.",Unknown,In-Group,None,Joy,API failure
971494497036259329,test,few-shot,jefffortenberry,rephuffman,Thank you Jared for your kind words. The respect is mutual. @RepHuffman   https://t.co/uRIA8uuX7n,Unknown,Out-Group,None,None,API failure
567773769910988800,test,few-shot,pattymurray,sendeanheller,"Murray joins @SenDeanHeller introducing Women Veterans Access to Quality Care Act, prioritizing care for women vets  http://t.co/TIdx9TMvNU",Unknown,Out-Group,None,Interest,API failure
973672237638307845,test,few-shot,rephanabusa,speakerryan,The President gave false hope to Stoneman Douglas and all gun violence survivors before he returned to his NRA talking points. How much longer will @SpeakerRyan refuse to take action to #EndGunViolence? #Enough #NeverAgain  https://t.co/qjNEpgMCLh,Unknown,Out-Group,None,Anger|Disgust,API failure
495317876845600768,test,few-shot,marshablackburn,repstevechabot,Thank you @RepSteveChabot for cosponsoring H.R. 5160. Glad to see the language being considered in today’s DACA bill.,Unknown,In-Group,None,Joy,API failure
1062397305188466691,test,few-shot,congboyle,repveasey,"""Our goal: Empower a thriving middle class where any American, regardless of background or zip code, can find a good job and build a better life for their family."" Check out my op-ed with @RepVeasey at  https://t.co/S2JowU4bVQ",Unknown,Out-Group,None,Interest,API failure
443152575274438656,test,few-shot,senatorcardin,senatorreid,"Right on! @SenatorReid knocks it out of the park ""It's time to stop acting like deniers"" #Up4Climate",Unknown,In-Group,None,Admiration|Joy,API failure
207482363620499456,test,few-shot,senatorshaheen,jerrymoran,Happy birthday to Senator @JerryMoran,Unknown,Out-Group,None,Joy,API failure
1175114889502871553,test,few-shot,senwarren,sentomcotton,"I’m glad the Senate passed my bill with @SenTomCotton to ensure the POW/MIA flag is always displayed with the US flag in the Capitol, Vietnam Vets Memorial &amp; other federal properties. I’m working to get it passed in the House &amp; signed by the President.  https://t.co/BHbHMROdbx",Unknown,Out-Group,None,None,API failure
899814545602088960,test,few-shot,repmarkpocan,speakerryan,.@SpeakerRyan's bill was a tax bill disguised as a health care bill that would've kicked millions of Americans off their plans #RyanTownHall,Unknown,Out-Group,None,Anger|Disgust,API failure
621330174274072577,test,few-shot,senthadcochran,senmikelee,I support @SenMikeLee's 1st Amendment Defense Act to protect religious liberty of #traditionalmarriage believers:  http://t.co/2YgvSG0q9x,Unknown,In-Group,None,Interest,API failure
1155894002295726081,test,few-shot,repwalberg,repslotkin,"Tomorrow, @RepSlotkin and I will be co-hosting a Veterans Fair at VFW Post 701 in Lansing to help veterans and their families access available resources. Details here ⬇  https://t.co/tB5aWlIH58",Unknown,Out-Group,None,Interest,API failure
623847916331999232,test,few-shot,stevescalise,robert_aderholt,Wishing my colleague Congressman @Robert_Aderholt a Happy Birthday.,Unknown,In-Group,None,Joy,API failure
1151558574197432320,test,few-shot,senrobportman,senatorshaheen,"Today I reintroduced the bipartisan Energy Savings and Industrial Competitiveness Act w/ @SenatorShaheen to improve energy efficiency in three key sectors – buildings, industrial, &amp; the federal government.  https://t.co/wGnA804uwq",Unknown,Out-Group,None,None,API failure
887021637568253952,test,few-shot,repmaloney,senjohnmccain,Sincere wishes for a speedy and complete recovery to friend and colleague @SenJohnMcCain. Washington needs such men of honor and integrity,Unknown,Out-Group,None,Admiration,API failure
621769390502117377,test,few-shot,chrismurphyct,senatorcollins,Proud to join @SenatorCollins &amp; @SenatorBlumenthal to introduce the WWII Merchant Mariner Service Act &amp; honor those who served our country,Unknown,Out-Group,None,Admiration|Joy,API failure
1184600109767680001,test,few-shot,repfrenchhill,repandybiggsaz,"@jjd_53 @jasoninthehouse I signed on as an original cosponsor of H.Res.630, sponsored by my colleague @RepAndyBiggsAZ, to condemn and censure House Intelligence Committee Chairman Adam Schiff.    https://t.co/m84RktNtPx",Unknown,In-Group,None,Interest,API failure
1174393589637533697,test,few-shot,repvaldemings,repsusielee,Thank you @RepSusieLee for taking a stand. Is it so hard for the GOP to support even the simplest steps to protect our children?,Unknown,In-Group,None,Admiration|Interest,API failure
889938046711451649,test,few-shot,repchrisstewart,senjohnmccain,.@SenJohnMcCain is spot on with his analysis of the Senate... #whatdotheydo  https://t.co/9WJmNj27I9,Unknown,In-Group,None,Admiration|Joy,API failure
440512073294807040,test,few-shot,repannwagner,judgetedpoe,"Great to hear from a leader in fight against sex trafficking, @JudgeTedPoe today at Ignite Conference  http://t.co/6NuM6S045x",Unknown,In-Group,None,Admiration|Joy,API failure
889455131770605569,test,few-shot,senatorsinema,repcharliecrist,Happy birthday @RepCharlieCrist!,Unknown,In-Group,None,Joy,API failure
1177287195356516353,test,few-shot,repcohen,speakerpelosi,I commend @SpeakerPelosi for opening an #ImpeachmentInquiry. It’s the right time. It’s the right issue. Trump’s conduct is an egregious subversion of our #Constitution and a clear abuse of power. No one is above the law. We must pursue #impeachment. #ExposeTheTruth  https://t.co/9KK4zaXqKX,Unknown,In-Group,None,Admiration,API failure
892906553107513344,test,few-shot,johnboozman,sentomcotton,Congrats to @SenTomCotton's Sand Lizards on their first win in the Battle for the Golden Razorback. We'll be back next year! ⚾️🐗🏆  https://t.co/7NaxVwFa5X,Unknown,In-Group,None,Joy,API failure
1164646967282229262,test,few-shot,repcolinallred,repveasey,"As a new father, I know how critical it is that new parents and babies get the care and resources they need. I thank @RepVeasey for leading this effort and I look forward to working in a bipartisan way to address the infant and maternal mortality crisis.  https://t.co/kqKWwk2QK3",Unknown,Out-Group,None,Admiration|Joy,API failure
881208867799150593,test,few-shot,repcummings,speakerryan,@RepTerriSewell @repjohnlewis I am calling on @SpeakerRyan to immediately bring this bill to the floor so we can finally #RestoreTheVRA.,Unknown,Out-Group,None,None,API failure
423522902676221952,test,few-shot,tomrooney,senatorreid,"Unlike the President's latest speech, #Keystone would create thousands of jobs w/o costing taxpayers a dime. Tell @SenatorReid to #VoteNow!",Unknown,Out-Group,None,Anger|Disgust,API failure
441729994390110208,test,few-shot,roslehtinen,usrepkeating,We must do more to eradicate violence against women + girls. Proud 2 stand with @USRepKeating on #WhiteRibbonDay  http://t.co/E3EtcbbVnO,Unknown,Out-Group,None,Interest|Joy,API failure
621388940327710720,test,few-shot,repmarciafudge,repchrisgibson,".@RepChrisGibson: The Go to High School, Go to College Act is a bipartisan bill that tells the American people that we're listening. #EdChat",Unknown,Out-Group,None,Interest,API failure
1176524423601500163,test,few-shot,usreplong,speakerpelosi,"Republicans have always worked with Democrats in a bipartisan manner to lower #DrugPrices. But now, @SpeakerPelosi wants to play politics with that too. Not only is her plan radical and impractical, but it casts aside all of the bipartisan work we have done to address this issue.  https://t.co/mbbP7R2jtz",Unknown,Out-Group,None,Anger|Disgust,API failure
623524450269560832,test,few-shot,senjohnbarrasso,senatorfischer,Thank you @SenatorFischer!,Unknown,In-Group,None,Joy,API failure
626414392368832513,test,few-shot,sendancoats,toddrokita,@D0ntTr3ad @ToddRokita I am supporting legislation to offer legislation to defund Planned Parenthood  http://t.co/YfGqaRIi6h,Unknown,In-Group,None,None,API failure
1174321752631054341,test,few-shot,repmarkpocan,senwarren,Students shouldn’t suffer when private equity firms close a college or engage in deceptive practices to attract new students.    That’s why @SenWarren &amp; I are joining forces to investigate private equity’s attempt to take over colleges and universities.,Unknown,In-Group,None,Admiration|Interest,API failure
1176182511434706945,test,few-shot,rephorsford,repdebhaaland,@senatemajldr I stand with @RepDebHaaland on #NativeWomensEqualPay Day demanding #EqualPay for my sisters working to support their families.    https://t.co/s3DfOvnbZz,Unknown,In-Group,None,None,API failure
1154114180083064832,test,few-shot,repgwenmoore,repdevinnunes,I am old enough to remember when @RepDevinNunes recused himself as the House Ethics Committee also investigated him.   https://t.co/JRil6hCYwJ,Unknown,Out-Group,None,Anger|Disgust,API failure
